oTGF160104578, 473608303.609718, glg_tte_b0_160104518_v00, 4, 10, 19, 2016-01-04, 13:51:39.609718, 0.1410, 6.61E-23, 29.7564, -11.6781, 530.53, 0.657, NULL
oTGF160104948, 473640310.786000, glg_tte_b0_160104930_v00, 18, 27, 57, 2016-01-04, 22:45:06.786000, 1.0000, 8.46E-69, 108.5259, -4.5925, 534.08, 0.246, NULL
oTGF160105239, 473665462.459875, glg_tte_b0_160105229_v00, 8, 10, 38, 2016-01-05, 05:44:18.459874, 0.1000, 2.47E-74, 150.8736, -9.7843, 529.58, 0.655, NULL
oTGF160105638, 473699893.566255, glg_tte_b0_160105598_v00, 4, 6, 22, 2016-01-05, 15:18:09.566254, 0.1410, 2.19E-20, 14.7836, -5.0173, 529.37, 0.675, NULL
oTGF160106561, 473779688.365700, glg_tte_b0_160106558_v00, 23, 18, 61, 2016-01-06, 13:28:04.365700, 1.4000, 1.80E-35, 28.0434, -8.2695, 528.03, 0.635, NULL
oTGF160107483, 473859324.463725, glg_tte_b0_160107459_v00, 9, 7, 30, 2016-01-07, 11:35:20.463724, 0.1000, 9.97E-47, 32.3124, -15.1726, 528.12, 0.568, NULL
oTGF160109112, 474000117.968139, glg_tte_b0_160109091_v00, 4, 4, 13, 2016-01-09, 02:41:53.968140, 0.0707, 8.47E-19, 27.4186, -9.3928, 540.33, 0.184, NULL
oTGF160111700, 474223648.442043, glg_tte_b0_160111600_v00, 9, 7, 43, 2016-01-11, 16:47:24.442042, 0.0707, 8.87E-82, 213.8127, -25.1673, 541.31, 0.288, NULL
oTGF160113308, 474362627.990000, glg_tte_b0_160113268_v00, 28, 33, 224, 2016-01-13, 07:23:43.990000, 8.0000, 7.48E-73, 106.1998, 10.2271, 523.44, 0.597, tTGF160113308
oTGF160113433, 474373435.150600, glg_tte_b0_160113233_v00, 6, 13, 27, 2016-01-13, 10:23:51.150600, 0.2000, 8.21E-33, 25.1270, -6.1524, 527.11, 0.497, NULL
oTGF160113734, 474399393.420185, glg_tte_b0_160113724_v00, 13, 12, 145, 2016-01-13, 17:36:29.420184, 0.2830, 8.15E-238, 110.3351, -1.3074, 541.28, 0.034, tTGF160113734
oTGF160115450, 474547693.526599, glg_tte_b0_160115394_v00, 16, 13, 49, 2016-01-15, 10:48:09.526598, 0.1410, 2.36E-96, 192.5351, 1.7988, 538.55, 0.979, NULL
oTGF160116997, 474681359.814000, glg_tte_b0_160116989_v00, 8, 9, 52, 2016-01-16, 23:55:55.814000, 0.2000, 1.95E-76, 135.3283, -14.2364, 537.12, 0.366, NULL
oTGF160118504, 474811565.304911, glg_tte_b0_160118485_v00, 5, 9, 39, 2016-01-18, 12:06:01.304912, 0.1410, 8.46E-54, 228.8726, -24.9415, 548.24, 0.133, NULL
oTGF160119482, 474896046.860769, glg_tte_b0_160119430_v00, 6, 5, 19, 2016-01-19, 11:34:02.860768, 0.1410, 1.16E-22, 158.2020, -2.3265, 534.00, 0.914, NULL
oTGF160120476a, 474981934.812425, glg_tte_b0_160120410_v00, 8, 4, 18, 2016-01-20, 11:25:30.812424, 0.0500, 3.08E-36, 167.8118, -9.3572, 536.19, 0.935, NULL
oTGF160120476b, 474981936.263950, glg_tte_b0_160120410_v00, 19, 15, 85, 2016-01-20, 11:25:32.263950, 0.2000, 1.48E-155, 167.8904, -9.3943, 536.21, 0.935, NULL
oTGF160120684, 474999893.978950, glg_tte_b0_160120634_v00, 7, 7, 27, 2016-01-20, 16:24:49.978950, 0.1000, 1.22E-42, 144.2839, -24.6351, 546.93, 0.077, NULL
oTGF160120893, 475017943.438967, glg_tte_b0_160120868_v00, 11, 10, 37, 2016-01-20, 21:25:39.438968, 0.1410, 8.07E-67, 130.0723, -18.5315, 545.28, 0.247, NULL
oTGF160122806, 475183251.282772, glg_tte_b0_160122753_v00, 17, 34, 60, 2016-01-22, 19:20:47.282772, 0.6320, 2.58E-93, 131.5247, -22.3864, 547.27, 0.163, tTGF160122806
oTGF160122932, 475194090.539713, glg_tte_b0_160122879_v00, 4, 5, 15, 2016-01-22, 22:21:26.539712, 0.0500, 4.64E-25, 45.7355, -25.3595, 545.70, 0.051, NULL
oTGF160123867, 475274935.076844, glg_tte_b0_160123860_v00, 11, 12, 60, 2016-01-23, 20:48:51.076844, 0.1410, 1.69E-110, 123.7502, -15.9828, 545.30, 0.203, NULL
oTGF160124505, 475330001.927600, glg_tte_b0_160124487_v00, 8, 8, 22, 2016-01-24, 12:06:37.927600, 0.4000, 6.07E-21, 118.3200, -5.8504, 527.75, 0.825, NULL
oTGF160124770, 475352898.463400, glg_tte_b0_160124738_v00, 5, 6, 14, 2016-01-24, 18:28:14.463400, 0.2000, 1.74E-15, 24.5279, -7.5409, 528.33, 0.829, NULL
oTGF160124792, 475354874.582768, glg_tte_b0_160124781_v00, 5, 13, 15, 2016-01-24, 19:01:10.582768, 0.2830, 6.49E-23, 144.9930, -15.4295, 545.00, 0.187, NULL
oTGF160125261, 475395376.075725, glg_tte_b0_160125239_v00, 9, 8, 35, 2016-01-25, 06:16:12.075724, 0.1000, 9.24E-53, 4.3615, -1.5951, 541.46, 0.265, NULL
oTGF160125558, 475421050.308258, glg_tte_b0_160125545_v00, 7, 7, 17, 2016-01-25, 13:24:06.308258, 0.2830, 5.52E-19, 74.5347, 1.8521, 524.37, 0.757, NULL
oTGF160125559a, 475421086.844450, glg_tte_b0_160125545_v00, 4, 6, 21, 2016-01-25, 13:24:42.844450, 0.1000, 1.11E-30, 76.4653, 0.8526, 524.58, 0.763, NULL
oTGF160125559b, 475421096.089650, glg_tte_b0_160125545_v00, 7, 15, 48, 2016-01-25, 13:24:52.089650, 0.2000, 2.84E-79, 76.9536, 0.5995, 524.64, 0.764, NULL
oTGF160125765, 475438911.355731, glg_tte_b0_160125758_v00, 11, 7, 19, 2016-01-25, 18:21:47.355732, 0.2830, 7.39E-26, 41.6994, -16.9246, 532.43, 0.872, NULL
oTGF160125906, 475451078.563594, glg_tte_b0_160125814_v00, 7, 6, 38, 2016-01-25, 21:44:34.563594, 0.0707, 2.19E-66, 40.0838, -25.6429, 542.26, 0.009, NULL
oTGF160126356, 475489984.338000, glg_tte_b0_160126300_v00, 11, 14, 55, 2016-01-26, 08:33:00.338000, 0.2000, 8.96E-89, 166.1294, -9.8435, 527.51, 0.809, NULL
oTGF160126758, 475524699.594654, glg_tte_b0_160126733_v00, 16, 16, 34, 2016-01-26, 18:11:35.594654, 0.2830, 2.09E-63, 46.9592, -20.1404, 533.36, 0.880, NULL
oTGF160127415, 475581477.791700, glg_tte_b0_160127365_v00, 11, 10, 28, 2016-01-27, 09:57:53.791700, 0.2000, 1.85E-45, 146.2926, -13.8283, 528.35, 0.813, NULL
oTGF160127554, 475593508.345650, glg_tte_b0_160127527_v00, 6, 9, 41, 2016-01-27, 13:18:24.345650, 0.2000, 6.03E-51, 134.7113, -24.3546, 536.05, 0.920, NULL
oTGF160127631, 475600151.017600, glg_tte_b0_160127581_v00, 4, 4, 16, 2016-01-27, 15:09:07.017600, 0.2000, 6.27E-13, 170.0023, -19.0523, 542.67, 0.095, NULL
oTGF160127767, 475611891.367101, glg_tte_b0_160127711_v00, 7, 7, 42, 2016-01-27, 18:24:47.367100, 0.0707, 9.83E-81, 139.8743, -11.9424, 542.55, 0.147, NULL
oTGF160128475, 475673019.763408, glg_tte_b0_160128448_v00, 9, 10, 30, 2016-01-28, 11:23:35.763408, 0.6320, 2.04E-22, 129.6135, -18.4073, 529.84, 0.826, NULL
oTGF160128549, 475679443.274350, glg_tte_b0_160128537_v00, 14, 18, 75, 2016-01-28, 13:10:39.274350, 0.1410, 2.38E-147, 150.5517, -25.6503, 537.71, 0.958, NULL
oTGF160128964, 475715277.223950, glg_tte_b0_160128915_v01, 15, 10, 31, 2016-01-28, 23:07:53.223950, 1.4000, 1.71E-15, 96.4614, 5.0366, 540.92, 0.223, NULL
oTGF160130388, 475838303.036600, glg_tte_b0_160130332_v00, 6, 8, 23, 2016-01-30, 09:18:19.036600, 0.4000, 4.79E-19, 130.3414, -12.7841, 526.89, 0.741, NULL
oTGF160203358, 476181334.171224, glg_tte_b0_160203300_v00, 11, 24, 44, 2016-02-03, 08:35:30.171224, 0.6320, 5.80E-54, 144.3377, -23.1143, 530.51, 0.749, tTGF160203358
oTGF160203640, 476205675.244600, glg_tte_b0_160203621_v00, 8, 4, 16, 2016-02-03, 15:21:11.244600, 0.1000, 5.35E-28, 140.1409, -8.5728, 532.14, 0.019, NULL
oTGF160205373, 476355420.021862, glg_tte_b0_160205283_v00, 10, 17, 35, 2016-02-05, 08:56:56.021862, 0.2830, 5.71E-57, 302.5250, 22.9830, 539.07, 0.204, NULL
oTGF160205600, 476375056.414544, glg_tte_b0_160205550_v00, 8, 28, 81, 2016-02-05, 14:24:12.414544, 0.6320, 2.39E-95, 16.6738, -16.9911, 533.52, 0.637, tTGF160205600
oTGF160209849, 476742149.741225, glg_tte_b0_160209818_v00, 6, 5, 24, 2016-02-09, 20:22:25.741224, 0.1000, 3.91E-28, 11.0922, -10.9886, 526.52, 0.870, NULL
oTGF160212687, 476987330.547008, glg_tte_b0_160212656_v00, 9, 4, 39, 2016-02-12, 16:28:46.547008, 0.1410, 8.79E-48, 31.1649, -17.2597, 531.92, 0.763, NULL
oTGF160213061, 477019646.562730, glg_tte_b0_160213015_v00, 11, 5, 32, 2016-02-13, 01:27:22.562730, 0.1410, 3.23E-51, 127.5454, -6.6339, 542.60, 0.405, NULL
oTGF160213414, 477050166.066786, glg_tte_b0_160213371_v00, 14, 12, 26, 2016-02-13, 09:56:02.066786, 0.6320, 2.18E-30, 126.5774, -16.2660, 532.11, 0.756, NULL
oTGF160213746, 477078879.825250, glg_tte_b0_160213648_v00, 15, 15, 50, 2016-02-13, 17:54:35.825250, 1.0000, 6.76E-24, 14.8475, -12.2277, 530.13, 0.778, NULL
oTGF160214318, 477128249.400100, glg_tte_b0_160214282_v00, 11, 18, 73, 2016-02-14, 07:37:25.400100, 0.2000, 1.32E-131, 33.9620, -10.5297, 543.62, 0.402, NULL
oTGF160214407a, 477135952.764198, glg_tte_b0_160214354_v00, 18, 17, 56, 2016-02-14, 09:45:48.764198, 0.6320, 2.31E-72, 131.4396, -12.4252, 531.10, 0.762, NULL
oTGF160214407b, 477135999.495064, glg_tte_b0_160214407_v00, 9, 7, 17, 2016-02-14, 09:46:35.495064, 0.6320, 2.55E-12, 134.0153, -11.2682, 530.41, 0.770, NULL
oTGF160215398, 477221633.181600, glg_tte_b0_160215321_v00, 9, 10, 13, 2016-02-15, 09:33:49.181600, 0.4000, 3.57E-19, 130.2461, -10.9564, 531.74, 0.750, NULL
oTGF160216515a, 477318132.735874, glg_tte_b0_160216473_v00, 5, 12, 39, 2016-02-16, 12:22:08.735874, 0.2830, 2.57E-43, 46.0145, -22.0846, 542.27, 0.633, NULL
oTGF160216515b, 477318143.059052, glg_tte_b0_160216473_v00, 9, 6, 34, 2016-02-16, 12:22:19.059052, 0.1410, 1.75E-48, 46.6508, -21.9296, 542.12, 0.635, NULL
oTGF160216584, 477324022.547200, glg_tte_b0_160216582_v00, 4, 5, 22, 2016-02-16, 14:00:18.547200, 0.2000, 1.25E-14, 32.7025, -18.9676, 539.70, 0.665, NULL
oTGF160217508, 477403893.539625, glg_tte_b0_160217505_v00, 8, 6, 29, 2016-02-17, 12:11:29.539624, 0.1000, 2.16E-46, 50.0850, -19.7468, 541.79, 0.637, NULL
oTGF160217577, 477409878.819200, glg_tte_b0_160217505_v00, 6, 6, 26, 2016-02-17, 13:51:14.819200, 0.4000, 1.43E-14, 41.8066, -13.8878, 537.56, 0.684, NULL
oTGF160218636, 477501358.978081, glg_tte_b0_160218613_v00, 9, 11, 42, 2016-02-18, 15:15:54.978080, 0.1410, 4.55E-60, 21.4232, -10.1571, 536.86, 0.686, NULL
oTGF160218638, 477501489.049552, glg_tte_b0_160218613_v00, 7, 7, 21, 2016-02-18, 15:18:05.049552, 0.0707, 2.48E-34, 28.4237, -6.7647, 534.83, 0.707, NULL
oTGF160220290, 477644256.270448, glg_tte_b0_160220244_v00, 19, 25, 55, 2016-02-20, 06:57:32.270448, 0.6320, 1.06E-86, 144.5699, -4.9685, 536.55, 0.682, tTGF160220290
oTGF160220424, 477655802.440941, glg_tte_b0_160220421_v00, 6, 6, 36, 2016-02-20, 10:09:58.440942, 0.1410, 7.51E-53, 102.8423, -1.4249, 534.95, 0.700, NULL
oTGF160221346, 477735514.741447, glg_tte_b0_160221333_v00, 6, 9, 22, 2016-02-21, 08:18:30.741448, 0.1410, 5.23E-37, 112.1355, -6.8254, 539.15, 0.648, NULL
oTGF160222468, 477832403.439707, glg_tte_b0_160222392_v00, 9, 10, 46, 2016-02-22, 11:13:19.439708, 0.1410, 2.32E-71, 51.1846, -10.6286, 542.45, 0.600, NULL
oTGF160223192a, 477894975.246850, glg_tte_b0_160223147_v00, 12, 26, 82, 2016-02-23, 04:36:11.246850, 0.2000, 5.49E-164, 131.9240, -15.7588, 544.93, 0.549, NULL
oTGF160223192b, 477895006.374050, glg_tte_b0_160223147_v00, 11, 22, 37, 2016-02-23, 04:36:42.374050, 0.2000, 4.68E-82, 133.6888, -15.0608, 544.66, 0.554, tTGF160223192
oTGF160223524, 477923659.609266, glg_tte_b0_160223454_v00, 6, 7, 34, 2016-02-23, 12:34:15.609266, 0.0707, 9.34E-52, 18.5326, -12.3883, 543.87, 0.566, NULL
oTGF160224253, 477986688.343450, glg_tte_b0_160224208_v00, 8, 14, 65, 2016-02-24, 06:04:44.343450, 0.2000, 2.35E-108, 124.3048, -6.2043, 541.92, 0.589, NULL
oTGF160224255, 477986796.298424, glg_tte_b0_160224208_v00, 7, 16, 47, 2016-02-24, 06:06:32.298424, 0.2830, 5.22E-71, 130.0137, -3.2967, 540.90, 0.606, NULL
oTGF160225085, 478058535.853155, glg_tte_b0_160225072_v00, 11, 13, 58, 2016-02-25, 02:02:11.853154, 0.1410, 9.18E-110, 27.1713, -7.4196, 527.86, 0.151, NULL
oTGF160225507, 478095040.930400, glg_tte_b0_160225477_v00, 8, 13, 26, 2016-02-25, 12:10:36.930400, 0.2000, 1.04E-32, 17.4058, -8.7833, 543.20, 0.547, NULL
oTGF160226168, 478152151.968950, glg_tte_b0_160226129_v00, 5, 14, 22, 2016-02-26, 04:02:27.968950, 0.2000, 4.68E-38, 136.1397, -7.9563, 542.89, 0.538, NULL
oTGF160227156, 478237458.643840, glg_tte_b0_160227112_v00, 4, 5, 42, 2016-02-27, 03:44:14.643840, 0.1410, 4.05E-56, 114.4927, -15.5801, 543.33, 0.465, NULL
oTGF160228719, 478372526.738300, glg_tte_b0_160228699_v00, 16, 14, 116, 2016-02-28, 17:15:22.738300, 0.2000, 5.85E-210, 133.6172, -8.7697, 525.65, 0.081, NULL
oTGF160229127, 478407745.851886, glg_tte_b0_160229094_v00, 13, 11, 71, 2016-02-29, 03:02:21.851886, 0.1410, 2.20E-125, 46.0331, -25.4188, 535.61, 0.246, tTGF160229127
oTGF160301638, 478538353.433875, glg_tte_b0_160301586_v00, 13, 13, 58, 2016-03-01, 15:19:09.433874, 0.1000, 1.73E-121, 165.4292, -15.9281, 527.51, 0.089, NULL
oTGF160302623, 478623411.753750, glg_tte_b0_160302600_v00, 16, 10, 51, 2016-03-02, 14:56:47.753750, 0.2000, 4.47E-89, 130.3860, -1.6558, 526.81, 0.977, NULL
oTGF160302955, 478652078.563941, glg_tte_b0_160302946_v00, 7, 10, 28, 2016-03-02, 22:54:34.563942, 0.0707, 4.42E-61, 15.6306, -5.1119, 527.13, 0.990, NULL
oTGF160303878, 478731836.936576, glg_tte_b0_160303846_v00, 32, 13, 90, 2016-03-03, 21:03:52.936576, 0.6320, 2.08E-137, 27.3835, -0.9643, 528.77, 0.946, NULL
oTGF160303879, 478731948.704400, glg_tte_b0_160303846_v00, 7, 4, 27, 2016-03-03, 21:05:44.704400, 0.4000, 6.97E-22, 33.2908, -4.0094, 528.37, 0.963, NULL
oTGF160304673, 478800584.779100, glg_tte_b0_160304668_v00, 18, 4, 18, 2016-03-04, 16:09:40.779100, 0.2830, 2.25E-34, 109.2430, -7.7737, 529.09, 0.969, NULL
oTGF160306687, 478974591.847318, glg_tte_b0_160306640_v00, 4, 5, 10, 2016-03-06, 16:29:47.847318, 0.0707, 6.23E-16, 263.8320, 5.6293, 533.15, 0.413, NULL
oTGF160308575, 479137694.706663, glg_tte_b0_160308547_v00, 7, 6, 35, 2016-03-08, 13:48:10.706662, 0.0500, 5.28E-71, 134.7432, -16.1332, 534.43, 0.942, NULL
oTGF160310021, 479262585.748150, glg_tte_b0_160310011_v00, 11, 7, 29, 2016-03-10, 00:29:41.748150, 0.2000, 1.18E-45, 283.2988, 1.2854, 539.00, 0.800, NULL
oTGF160310824, 479331976.409300, glg_tte_b0_160310781_v00, 4, 6, 28, 2016-03-10, 19:46:12.409300, 0.2000, 7.67E-29, 41.2478, -20.3477, 537.88, 0.931, NULL
oTGF160310977, 479345225.282810, glg_tte_b0_160310930_v00, 6, 10, 28, 2016-03-10, 23:27:01.282810, 0.1410, 2.56E-47, 104.4405, -4.6380, 525.49, 0.260, NULL
oTGF160311012, 479348212.525175, glg_tte_b0_160310999_v00, 5, 6, 18, 2016-03-11, 00:16:48.525174, 0.1000, 3.75E-28, 279.3301, 1.0223, 540.01, 0.781, NULL
oTGF160311411a, 479382683.187211, glg_tte_b0_160311398_v00, 11, 5, 42, 2016-03-11, 09:51:19.187210, 0.1410, 7.48E-67, 145.3274, -5.0434, 540.03, 0.807, NULL
oTGF160311411b, 479382688.981984, glg_tte_b0_160311398_v00, 19, 9, 83, 2016-03-11, 09:51:24.981984, 0.2830, 1.31E-129, 145.6346, -5.1985, 540.02, 0.808, NULL
oTGF160311670, 479405114.760000, glg_tte_b0_160311644_v00, 16, 18, 127, 2016-03-11, 16:05:10.760000, 4.0000, 8.42E-51, 27.0644, 5.7668, 540.60, 0.739, tTGF160311670
oTGF160311741, 479411212.861526, glg_tte_b0_160311710_v00, 8, 10, 24, 2016-03-11, 17:46:48.861526, 0.6320, 1.78E-19, 23.3423, -4.7954, 540.53, 0.799, NULL
oTGF160312927, 479513706.678754, glg_tte_b0_160312837_v00, 8, 11, 23, 2016-03-12, 22:15:02.678754, 0.6320, 2.93E-20, 293.0044, 1.8875, 541.10, 0.734, NULL
oTGF160314516, 479650961.193344, glg_tte_b0_160314474_v00, 9, 7, 21, 2016-03-14, 12:22:37.193344, 0.6320, 6.37E-15, 83.9509, -5.3687, 542.24, 0.743, NULL
oTGF160314710, 479667765.173250, glg_tte_b0_160314686_v00, 4, 4, 16, 2016-03-14, 17:02:41.173250, 0.2000, 1.00E-13, 354.2365, 3.2845, 540.63, 0.688, NULL
oTGF160314717, 479668363.751100, glg_tte_b0_160314686_v00, 10, 7, 15, 2016-03-14, 17:12:39.751100, 0.4000, 7.61E-17, 26.1352, -12.5151, 543.49, 0.783, NULL
oTGF160315002, 479692968.153650, glg_tte_b0_160314964_v00, 16, 11, 46, 2016-03-15, 00:02:44.153650, 0.2000, 7.36E-71, 38.3565, -15.5493, 530.84, 0.102, NULL
oTGF160315405, 479727814.537325, glg_tte_b0_160315403_v00, 6, 6, 6, 2016-03-15, 09:43:30.537326, 0.0500, 1.33E-18, 285.1257, -0.1714, 524.40, 0.191, NULL
oTGF160315438, 479730626.945850, glg_tte_b0_160315403_v00, 22, 22, 64, 2016-03-15, 10:30:22.945850, 0.2000, 1.72E-146, 90.9740, 1.2162, 540.64, 0.684, tTGF160315438
oTGF160317618, 479919000.601350, glg_tte_b0_160317599_v00, 12, 10, 29, 2016-03-17, 14:49:56.601350, 0.2000, 8.27E-52, 10.0524, 0.7401, 538.77, 0.640, NULL
oTGF160317780, 479932953.683250, glg_tte_b0_160317764_v00, 9, 6, 27, 2016-03-17, 18:42:29.683250, 0.1410, 3.05E-44, 112.1470, -9.3449, 531.00, 0.085, NULL
oTGF160317781a, 479933073.517455, glg_tte_b0_160317764_v00, 6, 9, 35, 2016-03-17, 18:44:29.517456, 0.0707, 3.18E-71, 118.5927, -6.2069, 529.25, 0.105, NULL
oTGF160317781b, 479933080.537884, glg_tte_b0_160317764_v00, 6, 7, 11, 2016-03-17, 18:44:36.537884, 0.0707, 1.66E-26, 118.9674, -6.0198, 529.15, 0.106, NULL
oTGF160317815, 479935992.652050, glg_tte_b0_160317810_v00, 27, 26, 137, 2016-03-17, 19:33:08.652050, 0.2000, 6.84E-304, 290.2440, 4.3019, 537.13, 0.615, tTGF160317815
oTGF160318510, 479996055.917775, glg_tte_b0_160318495_v00, 5, 6, 15, 2016-03-18, 12:14:11.917774, 0.1000, 1.45E-23, 221.7442, -0.8768, 527.81, 0.120, NULL
oTGF160318773, 480018817.371361, glg_tte_b0_160318722_v00, 12, 13, 48, 2016-03-18, 18:33:33.371360, 0.0707, 1.74E-118, 120.8641, -2.7853, 529.03, 0.104, NULL
oTGF160319339, 480067694.663775, glg_tte_b0_160319200_v00, 11, 13, 57, 2016-03-19, 08:08:10.663776, 0.1000, 9.26E-120, 113.7586, -7.1504, 539.89, 0.650, tTGF160319339
oTGF160319608, 480090953.435724, glg_tte_b0_160319514_v00, 13, 12, 39, 2016-03-19, 14:35:49.435724, 0.1410, 1.26E-77, 40.2827, -17.3821, 544.81, 0.715, NULL
oTGF160319888, 480115129.289331, glg_tte_b0_160319795_v00, 4, 7, 17, 2016-03-19, 21:18:45.289330, 0.1410, 1.22E-16, 27.7309, -19.9087, 542.21, 0.960, NULL
oTGF160320330, 480153354.783900, glg_tte_b0_160320312_v00, 5, 4, 15, 2016-03-20, 07:55:50.783900, 0.2000, 2.11E-13, 111.6418, -8.2996, 539.12, 0.635, NULL
oTGF160320475, 480165854.303900, glg_tte_b0_160320469_v00, 15, 11, 23, 2016-03-20, 11:24:10.303900, 0.4000, 1.49E-31, 128.1171, -25.6329, 548.02, 0.826, NULL
oTGF160321254, 480233132.051850, glg_tte_b0_160321139_v00, 5, 5, 21, 2016-03-21, 06:05:28.051850, 0.1000, 6.08E-30, 124.4689, -4.8229, 535.78, 0.595, NULL
oTGF160321679, 480269847.429058, glg_tte_b0_160321670_v00, 8, 8, 43, 2016-03-21, 16:17:23.429058, 0.2830, 7.93E-54, 125.8303, -5.8136, 535.59, 0.023, NULL
oTGF160321803, 480280610.460000, glg_tte_b0_160321768_v00, 16, 4, 37, 2016-03-21, 19:16:46.460000, 0.2000, 8.97E-52, 40.4891, -20.6801, 545.18, 0.911, NULL
oTGF160321940, 480292460.319800, glg_tte_b0_160321873_v00, 6, 7, 28, 2016-03-21, 22:34:16.319800, 0.2000, 4.24E-25, 16.8744, -11.4496, 539.40, 0.983, NULL
oTGF160322317a, 480324990.578762, glg_tte_b0_160322282_v00, 7, 9, 25, 2016-03-22, 07:36:26.578762, 0.6320, 9.67E-16, 125.2249, -17.7999, 541.98, 0.660, NULL
oTGF160322317b, 480325019.868800, glg_tte_b0_160322282_v00, 28, 37, 98, 2016-03-22, 07:36:55.868800, 0.4000, 4.07E-194, 126.9388, -18.3856, 542.39, 0.665, tTGF160322317
oTGF160322387, 480331076.385746, glg_tte_b0_160322333_v00, 7, 4, 18, 2016-03-22, 09:17:52.385746, 0.2830, 1.32E-13, 123.9620, -23.7986, 546.34, 0.727, NULL
oTGF160324294, 480495824.308700, glg_tte_b0_160324250_v00, 8, 23, 92, 2016-03-24, 07:03:40.308700, 0.2000, 1.32E-171, 94.0169, -8.4159, 532.57, 0.551, NULL
oTGF160324423, 480506940.148580, glg_tte_b0_160324413_v00, 13, 21, 41, 2016-03-24, 10:08:56.148580, 0.6320, 2.52E-55, 29.5025, -0.3442, 528.24, 0.501, NULL
oTGF160326144, 480655642.398700, glg_tte_b0_160326089_v00, 16, 16, 77, 2016-03-26, 03:27:18.398700, 0.2000, 2.48E-141, 133.7311, -8.4350, 529.50, 0.512, NULL
oTGF160326363, 480674570.959150, glg_tte_b0_160326344_v00, 8, 4, 22, 2016-03-26, 08:42:46.959150, 0.2000, 1.03E-25, 171.5850, -18.3847, 545.53, 0.836, NULL
oTGF160327493, 480772168.515977, glg_tte_b0_160327478_v00, 7, 6, 27, 2016-03-27, 11:49:24.515978, 0.0707, 6.27E-52, 149.8405, -4.7526, 541.89, 0.905, NULL
oTGF160328745, 480880371.002164, glg_tte_b0_160328720_v00, 8, 9, 34, 2016-03-28, 17:52:47.002164, 0.6320, 3.82E-17, 35.1136, -11.1266, 543.27, 0.839, NULL
oTGF160328812, 480886189.584400, glg_tte_b0_160328786_v00, 7, 11, 39, 2016-03-28, 19:29:45.584400, 0.4000, 5.13E-30, 16.8168, -8.2953, 542.74, 0.856, NULL
oTGF160328815, 480886405.939773, glg_tte_b0_160328786_v00, 24, 18, 103, 2016-03-28, 19:33:21.939772, 0.2830, 1.28E-161, 28.2886, -2.5062, 541.72, 0.890, NULL
oTGF160329430, 480939531.699923, glg_tte_b0_160329428_v00, 5, 8, 10, 2016-03-29, 10:18:47.699922, 0.1410, 3.00E-15, 273.8286, 24.8221, 529.96, 0.187, NULL
oTGF160330369, 481020695.823884, glg_tte_b0_160330360_v00, 20, 15, 74, 2016-03-30, 08:51:31.823884, 0.2830, 1.41E-130, 5.7421, -1.8667, 524.28, 0.382, NULL
oTGF160330656, 481045464.263615, glg_tte_b0_160330633_v00, 6, 6, 36, 2016-03-30, 15:44:20.263614, 0.2830, 3.79E-28, 25.8565, -20.4450, 541.30, 0.725, NULL
oTGF160331522, 481120334.255650, glg_tte_b0_160331487_v00, 16, 19, 78, 2016-03-31, 12:32:10.255650, 0.2000, 3.24E-157, 107.5157, -4.9013, 540.55, 0.818, NULL
oTGF160331789, 481143397.141000, glg_tte_b0_160331732_v00, 8, 5, 22, 2016-03-31, 18:56:33.141000, 0.2000, 7.75E-20, 22.5346, 1.4281, 540.39, 0.849, NULL
oTGF160402046, 481251948.095900, glg_tte_b0_160401996_v00, 15, 23, 26, 2016-04-02, 01:05:44.095900, 0.4000, 3.58E-56, 286.4269, 4.2758, 539.54, 0.839, NULL
oTGF160402302, 481274125.536180, glg_tte_b0_160402215_v00, 4, 10, 18, 2016-04-02, 07:15:21.536180, 0.0707, 2.06E-38, 154.3928, -13.0684, 537.58, 0.729, NULL
oTGF160402303, 481274146.606850, glg_tte_b0_160402215_v00, 10, 11, 111, 2016-04-02, 07:15:42.606850, 0.2000, 4.60E-188, 155.5610, -12.5588, 537.63, 0.732, NULL
oTGF160404683, 481479830.165800, glg_tte_b0_160404591_v00, 7, 8, 30, 2016-04-04, 16:23:46.165800, 0.2000, 1.05E-30, 12.0746, -7.3338, 534.17, 0.715, NULL
oTGF160405443, 481545511.048950, glg_tte_b0_160405408_v00, 10, 15, 63, 2016-04-05, 10:38:27.048950, 0.2000, 7.75E-108, 274.7707, 6.2879, 532.59, 0.205, NULL
oTGF160405468, 481547621.364337, glg_tte_b0_160405408_v00, 4, 7, 25, 2016-04-05, 11:13:37.364336, 0.2830, 9.24E-20, 40.2196, -22.4487, 531.73, 0.578, NULL
oTGF160406541, 481640333.826361, glg_tte_b0_160406540_v00, 12, 13, 56, 2016-04-06, 12:58:49.826360, 0.2830, 3.88E-79, 88.3395, 11.1240, 535.06, 0.785, NULL
oTGF160406669, 481651389.294500, glg_tte_b0_160406645_v00, 9, 8, 21, 2016-04-06, 16:03:05.294500, 0.4000, 6.48E-14, 20.5140, 1.5661, 532.26, 0.724, NULL
oTGF160406970, 481677423.300000, glg_tte_b0_160406951_v00, 22, 9, 38, 2016-04-06, 23:16:59.300000, 2.0000, 6.91E-19, 109.6854, -10.7910, 532.02, 0.273, NULL
oTGF160407892, 481757098.376575, glg_tte_b0_160407841_v00, 4, 8, 34, 2016-04-07, 21:24:54.376574, 0.1410, 2.47E-48, 117.0386, -4.6643, 534.43, 0.216, NULL
oTGF160408049, 481770625.236450, glg_tte_b0_160407982_v00, 12, 21, 78, 2016-04-08, 01:10:21.236450, 0.2000, 1.95E-149, 196.5683, -14.8113, 528.58, 0.594, NULL
oTGF160408350, 481796610.106100, glg_tte_b0_160408309_v00, 7, 6, 17, 2016-04-08, 08:23:26.106100, 0.4000, 1.07E-13, 283.6333, 7.3600, 537.47, 0.136, NULL
oTGF160408387, 481799874.014300, glg_tte_b0_160408372_v00, 8, 6, 17, 2016-04-08, 09:17:50.014300, 0.4000, 6.29E-16, 113.2649, 3.8587, 529.80, 0.701, NULL
oTGF160408876a, 481842059.928650, glg_tte_b0_160408807_v00, 4, 4, 16, 2016-04-08, 21:00:55.928650, 0.2000, 2.66E-13, 77.7684, 12.7483, 539.22, 0.091, NULL
oTGF160408876b, 481842126.707115, glg_tte_b0_160408807_v00, 5, 8, 24, 2016-04-08, 21:02:02.707114, 0.0707, 1.51E-45, 81.4419, 11.1018, 538.90, 0.102, NULL
oTGF160408884, 481842790.469680, glg_tte_b0_160408878_v00, 5, 5, 30, 2016-04-08, 21:13:06.469680, 0.2830, 1.40E-27, 116.6738, -6.7180, 535.83, 0.207, NULL
oTGF160409147, 481865467.496500, glg_tte_b0_160409125_v00, 20, 21, 125, 2016-04-09, 03:31:03.496500, 0.2000, 3.96E-253, 11.3516, -2.5633, 536.94, 0.177, tTGF160409147
oTGF160409575, 481902512.287350, glg_tte_b0_160409541_v00, 6, 7, 22, 2016-04-09, 13:48:28.287350, 0.2000, 7.49E-21, 30.6301, 1.0998, 527.42, 0.659, NULL
oTGF160410302, 481965304.714383, glg_tte_b0_160410298_v00, 13, 16, 32, 2016-04-10, 07:15:00.714384, 0.1410, 1.22E-79, 123.7759, 1.3029, 526.37, 0.645, NULL
oTGF160410332, 481967920.084400, glg_tte_b0_160410298_v00, 4, 9, 31, 2016-04-10, 07:58:36.084400, 0.2000, 2.60E-39, 279.0044, 5.2400, 539.36, 0.107, NULL
oTGF160416445, 482496047.877600, glg_tte_b0_160416416_v00, 13, 11, 22, 2016-04-16, 10:40:43.877600, 0.4000, 1.09E-21, 20.3957, -0.7315, 525.07, 0.502, NULL
oTGF160416676, 482515983.014883, glg_tte_b0_160416661_v00, 12, 11, 112, 2016-04-16, 16:12:59.014884, 0.1410, 5.88E-213, 113.4144, 1.7572, 539.41, 0.991, tTGF160416676
oTGF160416744, 482521852.295740, glg_tte_b0_160416729_v00, 17, 10, 59, 2016-04-16, 17:50:48.295740, 0.2830, 4.28E-94, 97.6115, -2.6632, 540.78, 0.015, NULL
oTGF160416746, 482522022.183029, glg_tte_b0_160416729_v00, 5, 5, 16, 2016-04-16, 17:53:38.183030, 0.1410, 1.11E-19, 106.6036, -7.2298, 542.17, 0.042, NULL
oTGF160420033, 482806082.532090, glg_tte_b0_160420017_v00, 7, 12, 38, 2016-04-20, 00:47:58.532090, 0.1410, 4.32E-62, 257.9213, 23.4512, 525.85, 0.751, NULL
oTGF160420110, 482812699.527500, glg_tte_b0_160420074_v00, 7, 7, 29, 2016-04-20, 02:38:15.527500, 0.1000, 1.33E-50, 285.8287, 3.9233, 533.72, 0.905, NULL
oTGF160420112, 482812865.372000, glg_tte_b0_160420074_v00, 77, 69, 760, 2016-04-20, 02:41:01.372000, 16.0000, 0.00, 294.5652, -0.6042, 535.84, 0.931, tTGF160420112 
oTGF160420147, 482815884.106917, glg_tte_b0_160420074_v00, 9, 8, 18, 2016-04-20, 03:31:20.106918, 0.1410, 3.71E-34, 110.7807, 4.9292, 527.34, 0.455, NULL
oTGF160421264, 482912400.077571, glg_tte_b0_160421263_v00, 5, 5, 22, 2016-04-21, 06:19:56.077570, 0.1410, 6.65E-21, 30.5134, -8.9482, 536.39, 0.350, NULL
oTGF160421827, 482961052.389818, glg_tte_b0_160421812_v00, 16, 5, 36, 2016-04-21, 19:50:48.389818, 0.2830, 3.02E-53, 11.7245, 5.1424, 530.22, 0.861, NULL
oTGF160422205, 482993673.658550, glg_tte_b0_160422125_v00, 12, 13, 39, 2016-04-22, 04:54:29.658550, 0.2000, 1.58E-64, 126.6613, 23.2034, 524.30, 0.557, NULL
oTGF160422626, 483030053.304416, glg_tte_b0_160422590_v00, 14, 14, 86, 2016-04-22, 15:00:49.304416, 0.1410, 7.61E-170, 107.1654, -8.6240, 535.76, 0.924, NULL
oTGF160424535, 483195035.975500, glg_tte_b0_160424518_v00, 9, 6, 22, 2016-04-24, 12:50:31.975500, 0.2000, 2.24E-30, 94.0331, 5.9107, 525.76, 0.798, NULL
oTGF160425461, 483274996.712172, glg_tte_b0_160425441_v00, 14, 18, 81, 2016-04-25, 11:03:12.712172, 0.1410, 3.23E-165, 116.7593, 4.4519, 525.08, 0.786, NULL
oTGF160425595, 483286631.022638, glg_tte_b0_160425585_v00, 6, 6, 16, 2016-04-25, 14:17:07.022638, 0.1410, 6.10E-23, 79.7486, -1.5314, 527.20, 0.818, NULL
oTGF160425726, 483297912.704700, glg_tte_b0_160425721_v00, 6, 6, 31, 2016-04-25, 17:25:08.704700, 0.4000, 6.34E-26, 24.1044, 2.1215, 525.65, 0.794, NULL
oTGF160425730, 483298257.285350, glg_tte_b0_160425721_v00, 12, 13, 93, 2016-04-25, 17:30:53.285350, 0.2000, 5.50E-161, 42.3638, -7.2243, 529.77, 0.849, NULL
oTGF160426457, 483361076.233650, glg_tte_b0_160426401_v00, 27, 28, 112, 2016-04-26, 10:57:52.233650, 0.2000, 3.52E-248, 136.9992, -8.1496, 529.03, 0.839, tTGF160426457
oTGF160426516, 483366144.376984, glg_tte_b0_160426504_v00, 18, 19, 58, 2016-04-26, 12:22:20.376984, 0.6320, 8.80E-76, 78.6700, 9.0649, 523.32, 0.736, NULL
oTGF160426623, 483375416.442300, glg_tte_b0_160426588_v00, 16, 16, 66, 2016-04-26, 14:56:52.442300, 0.2000, 6.10E-122, 259.7915, 9.8465, 536.20, 0.346, NULL
oTGF160426682, 483380507.022269, glg_tte_b0_160426629_v00, 9, 10, 44, 2016-04-26, 16:21:43.022270, 0.0707, 9.61E-95, 202.7853, -6.6909, 541.89, 0.247, NULL
oTGF160426717, 483383563.114992, glg_tte_b0_160426700_v00, 6, 4, 49, 2016-04-26, 17:12:39.114992, 0.2830, 3.26E-53, 21.5674, 1.1280, 524.96, 0.779, NULL
oTGF160427302, 483434111.643350, glg_tte_b0_160427251_v00, 6, 9, 17, 2016-04-27, 07:15:07.643350, 0.2000, 5.48E-20, 117.0786, 20.6331, 524.16, 0.629, NULL
oTGF160427973, 483492082.345900, glg_tte_b0_160427969_v00, 4, 6, 20, 2016-04-27, 23:21:18.345900, 0.4000, 6.15E-13, 283.8754, -0.9208, 524.60, 0.763, NULL
oTGF160428372a, 483526532.741000, glg_tte_b0_160428342_v00, 7, 6, 20, 2016-04-28, 08:55:28.741000, 0.1000, 4.18E-32, 148.9577, -6.4639, 525.99, 0.787, NULL
oTGF160428372b, 483526535.313025, glg_tte_b0_160428342_v00, 11, 4, 32, 2016-04-28, 08:55:31.313024, 0.1000, 2.68E-55, 149.0953, -6.5323, 526.02, 0.788, NULL
oTGF160428629, 483548774.370200, glg_tte_b0_160428628_v00, 6, 5, 18, 2016-04-28, 15:06:10.370200, 0.4000, 2.71E-12, 20.4333, 9.3997, 523.18, 0.688, NULL
oTGF160428635, 483549253.948640, glg_tte_b0_160428628_v00, 7, 13, 16, 2016-04-28, 15:14:09.948640, 0.6320, 5.15E-16, 45.9585, -3.5286, 524.91, 0.764, NULL
oTGF160428702, 483555082.275850, glg_tte_b0_160428684_v00, 5, 6, 14, 2016-04-28, 16:51:18.275850, 0.1000, 3.15E-22, 28.0923, -6.7723, 525.97, 0.782, NULL
oTGF160428709, 483555678.255800, glg_tte_b0_160428684_v00, 5, 6, 16, 2016-04-28, 17:01:14.255800, 0.1000, 9.96E-24, 61.8160, -20.3405, 533.74, 0.883, NULL
oTGF160429530, 483626591.278300, glg_tte_b0_160429493_v00, 18, 20, 143, 2016-04-29, 12:43:07.278300, 0.2000, 2.76E-273, 273.0590, 10.9173, 539.32, 0.290, tTGF160429530
oTGF160430349, 483697332.351500, glg_tte_b0_160430294_v00, 22, 20, 72, 2016-04-30, 08:22:08.351500, 0.4000, 2.90E-117, 117.3443, 5.1656, 523.69, 0.677, tTGF160430349
oTGF160501047, 483757628.873900, glg_tte_b0_160501012_v00, 11, 10, 49, 2016-05-01, 01:07:04.873900, 0.2000, 1.58E-69, 61.5701, 4.7843, 540.55, 0.220, NULL
oTGF160501445, 483792088.642850, glg_tte_b0_160501429_v00, 16, 14, 51, 2016-05-01, 10:41:24.642850, 0.2000, 8.61E-95, 287.3108, 10.3930, 540.28, 0.246, tTGF160501445
oTGF160501471, 483794326.201239, glg_tte_b0_160501429_v00, 6, 11, 36, 2016-05-01, 11:18:42.201238, 0.0707, 1.08E-75, 62.4257, 6.0982, 524.82, 0.647, NULL
oTGF160501904, 483831712.590650, glg_tte_b0_160501870_v00, 15, 20, 95, 2016-05-01, 21:41:48.590650, 0.2000, 1.84E-185, 99.6959, 1.7021, 540.15, 0.183, tTGF160501904
oTGF160501980, 483838267.331910, glg_tte_b0_160501870_v00, 11, 7, 41, 2016-05-01, 23:31:03.331910, 0.6320, 5.39E-31, 122.7920, 21.3358, 539.23, 0.323, NULL
oTGF160502402, 483874697.562150, glg_tte_b0_160502397_v00, 27, 27, 152, 2016-05-02, 09:38:13.562150, 0.2000, 0.00, 106.9473, -6.5213, 525.26, 0.701, tTGF160502402
oTGF160502599, 483891723.629300, glg_tte_b0_160502586_v00, 17, 20, 50, 2016-05-02, 14:21:59.629300, 0.4000, 2.62E-85, 28.9042, -3.9292, 525.29, 0.681, tTGF160502599
oTGF160502899, 483917710.257150, glg_tte_b0_160502828_v00, 13, 8, 22, 2016-05-02, 21:35:06.257150, 0.2000, 2.27E-40, 115.8480, 11.7876, 539.97, 0.223, NULL
oTGF160503384, 483959582.426525, glg_tte_b0_160503371_v00, 5, 4, 16, 2016-05-03, 09:12:58.426524, 0.1000, 8.30E-22, 63.4908, 12.8081, 529.28, 0.563, NULL
oTGF160503818, 483997102.706350, glg_tte_b0_160503742_v00, 16, 13, 64, 2016-05-03, 19:38:18.706350, 0.1000, 1.17E-147, 108.3627, -1.7741, 537.96, 0.121, NULL
oTGF160503887a, 484003013.627850, glg_tte_b0_160503742_v00, 25, 33, 140, 2016-05-03, 21:16:49.627850, 0.2000, 0.00, 94.7759, 3.7569, 538.54, 0.152, tTGF160503887
oTGF160503887b, 484003062.971900, glg_tte_b0_160503742_v00, 17, 9, 28, 2016-05-03, 21:17:38.971900, 1.4000, 1.84E-15, 97.3874, 5.0838, 538.70, 0.160, NULL
oTGF160503899, 484004049.931517, glg_tte_b0_160503742_v00, 6, 7, 38, 2016-05-03, 21:34:05.931516, 0.0707, 3.96E-70, 154.8312, 24.5520, 539.82, 0.331, NULL
oTGF160504475, 484053842.524025, glg_tte_b0_160504408_v00, 12, 11, 95, 2016-05-04, 11:23:58.524026, 0.1410, 7.14E-178, 207.4898, -10.6220, 535.85, 0.054, tTGF160504475
oTGF160504578, 484062753.435800, glg_tte_b0_160504578_v00, 7, 14, 48, 2016-05-04, 13:52:29.435800, 0.4000, 1.57E-58, 9.5865, 1.4358, 528.03, 0.607, NULL
oTGF160504630, 484067221.806500, glg_tte_b0_160504593_v00, 14, 12, 27, 2016-05-04, 15:06:57.806500, 1.0000, 7.98E-17, 272.9648, 25.3150, 538.78, 0.390, NULL
oTGF160504675, 484071116.222814, glg_tte_b0_160504593_v00, 12, 4, 32, 2016-05-04, 16:11:52.222814, 0.1410, 2.53E-54, 142.7501, -6.7242, 536.01, 0.074, NULL
oTGF160504738, 484076594.277200, glg_tte_b0_160504683_v00, 27, 23, 78, 2016-05-04, 17:43:10.277200, 0.2000, 4.87E-184, 105.9837, -12.5573, 535.21, 0.035, tTGF160504738
oTGF160504810, 484082810.108000, glg_tte_b0_160504759_v00, 19, 20, 43, 2016-05-04, 19:26:46.108000, 1.0000, 1.66E-51, 108.8944, 0.8098, 536.88, 0.115, NULL
oTGF160504955, 484095289.273350, glg_tte_b0_160504905_v00, 17, 19, 101, 2016-05-04, 22:54:45.273350, 0.2000, 2.10E-185, 120.9239, 23.7888, 540.58, 0.293, NULL
oTGF160505553, 484146987.424430, glg_tte_b0_160505503_v00, 12, 8, 23, 2016-05-05, 13:16:23.424430, 0.2830, 1.72E-29, 283.6938, 25.6163, 540.39, 0.343, NULL
oTGF160505569, 484148374.477900, glg_tte_b0_160505503_v00, 8, 7, 35, 2016-05-05, 13:39:30.477900, 0.1000, 6.52E-63, 5.5536, 1.2154, 529.57, 0.587, NULL
oTGF160505760, 484164908.432550, glg_tte_b0_160505701_v00, 10, 10, 30, 2016-05-05, 18:15:04.432550, 0.2000, 3.50E-47, 260.6158, 16.1288, 534.53, 0.487, NULL
oTGF160505763, 484165112.294400, glg_tte_b0_160505701_v00, 6, 15, 23, 2016-05-05, 18:18:28.294400, 0.4000, 1.44E-29, 272.0554, 11.3651, 532.68, 0.521, NULL
oTGF160505804, 484168632.011032, glg_tte_b0_160505797_v00, 16, 15, 73, 2016-05-05, 19:17:08.011032, 0.1410, 5.39E-154, 115.5121, 6.4587, 536.46, 0.127, NULL
oTGF160505869, 484174259.879521, glg_tte_b0_160505797_v00, 12, 17, 71, 2016-05-05, 20:50:55.879522, 0.1410, 8.92E-140, 86.9832, 4.3299, 535.95, 0.113, tTGF160505869
oTGF160506470, 484226185.405762, glg_tte_b0_160506457_v00, 10, 11, 37, 2016-05-06, 11:16:21.405762, 0.1410, 7.57E-65, 259.1328, 17.8830, 538.85, 0.192, NULL
oTGF160506722, 484248008.513732, glg_tte_b0_160506656_v00, 6, 8, 30, 2016-05-06, 17:20:04.513732, 0.1410, 6.19E-47, 107.3577, -7.7963, 532.33, 0.023, NULL
oTGF160506724, 484248193.853670, glg_tte_b0_160506656_v00, 12, 9, 27, 2016-05-06, 17:23:09.853670, 0.2830, 8.09E-42, 117.2195, -2.8402, 533.05, 0.052, NULL
oTGF160506995, 484271570.326087, glg_tte_b0_160506919_v00, 6, 5, 21, 2016-05-06, 23:52:46.326088, 0.2830, 3.11E-14, 49.1670, 11.6774, 536.22, 0.134, NULL
oTGF160507010, 484272856.842016, glg_tte_b0_160506997_v00, 5, 7, 17, 2016-05-07, 00:14:12.842016, 0.1410, 6.66E-21, 128.9518, 24.1501, 540.07, 0.370, NULL
oTGF160507324, 484299979.519250, glg_tte_b0_160507314_v00, 22, 19, 67, 2016-05-07, 07:46:15.519250, 0.2000, 2.43E-141, 280.7136, 8.4349, 534.75, 0.106, tTGF160507324
oTGF160508317, 484385835.147350, glg_tte_b0_160508307_v00, 7, 6, 11, 2016-05-08, 07:37:11.147350, 0.1000, 5.74E-21, 289.6416, 14.4259, 535.22, 0.124, NULL
oTGF160508573, 484407905.307250, glg_tte_b0_160508559_v00, 4, 6, 11, 2016-05-08, 13:45:01.307250, 0.2000, 8.63E-12, 151.6583, -5.5106, 529.52, 0.997, NULL
oTGF160508670, 484416271.322000, glg_tte_b0_160508659_v00, 12, 15, 58, 2016-05-08, 16:04:27.322000, 0.2000, 1.37E-103, 284.5828, 10.6438, 537.06, 0.463, NULL
oTGF160509912, 484523580.229800, glg_tte_b0_160509894_v00, 8, 5, 32, 2016-05-09, 21:52:56.229800, 0.4000, 6.48E-24, 113.5008, 25.4540, 539.26, 0.230, NULL
oTGF160510196, 484548158.041000, glg_tte_b0_160510177_v00, 36, 68, 298, 2016-05-10, 04:42:34.041000, 4.0000, 1.18E-271, 118.4058, -5.7915, 536.14, 0.528, tTGF160510196
oTGF160510691, 484590887.482325, glg_tte_b0_160510648_v00, 5, 4, 15, 2016-05-10, 16:34:43.482324, 0.1410, 5.88E-18, 112.2357, 3.7891, 527.66, 0.005, NULL
oTGF160511685, 484676761.397615, glg_tte_b0_160511634_v00, 20, 9, 50, 2016-05-11, 16:25:57.397616, 0.2830, 7.22E-85, 121.8322, 10.6651, 527.81, 0.026, NULL
oTGF160512745, 484768378.157705, glg_tte_b0_160512706_v00, 6, 4, 10, 2016-05-12, 17:52:54.157706, 0.0707, 1.87E-16, 109.8364, 17.5266, 528.83, 0.053, NULL
oTGF160513457, 484829887.872902, glg_tte_b0_160513418_v00, 7, 6, 36, 2016-05-13, 10:58:03.872902, 0.6320, 1.48E-23, 133.2331, -14.9139, 527.41, 0.830, NULL
oTGF160513816, 484860865.282774, glg_tte_b0_160513766_v00, 5, 4, 23, 2016-05-13, 19:34:21.282774, 0.0354, 1.92E-42, 155.2091, 22.5596, 537.85, 0.249, NULL
oTGF160515540, 485009846.059994, glg_tte_b0_160515470_v00, 7, 5, 20, 2016-05-15, 12:57:22.059994, 0.1410, 8.57E-28, 277.7009, 10.6994, 539.00, 0.314, NULL
oTGF160515713, 485024792.255337, glg_tte_b0_160515674_v00, 11, 6, 31, 2016-05-15, 17:06:28.255338, 0.2830, 8.37E-33, 72.8448, 7.3888, 523.13, 0.918, NULL
oTGF160516177, 485064888.556100, glg_tte_b0_160516157_v00, 4, 5, 25, 2016-05-16, 04:14:44.556100, 0.2000, 3.89E-24, 270.5925, 11.1030, 523.17, 0.931, NULL
oTGF160518681, 485281273.460150, glg_tte_b0_160518645_v00, 11, 10, 36, 2016-05-18, 16:21:09.460150, 0.1000, 4.21E-63, 40.6155, -2.3083, 526.75, 0.797, NULL
oTGF160519504, 485352331.106825, glg_tte_b0_160519460_v00, 7, 6, 33, 2016-05-19, 12:05:27.106826, 0.1000, 8.10E-54, 262.0055, 9.7707, 533.95, 0.234, NULL
oTGF160519606, 485361195.975543, glg_tte_b0_160519576_v00, 12, 13, 87, 2016-05-19, 14:33:11.975542, 0.1410, 2.01E-153, 61.4059, -1.8302, 527.79, 0.779, tTGF160519606
oTGF160519894, 485386025.430754, glg_tte_b0_160519885_v00, 14, 10, 36, 2016-05-19, 21:27:01.430754, 0.1410, 3.53E-68, 84.4931, 21.5538, 528.51, 0.131, NULL
oTGF160520429, 485432236.425775, glg_tte_b0_160520402_v00, 4, 5, 32, 2016-05-20, 10:17:12.425776, 0.1000, 6.36E-46, 281.9105, 9.7574, 532.42, 0.214, NULL
oTGF160521724, 485544121.463550, glg_tte_b0_160521692_v00, 12, 14, 22, 2016-05-21, 17:21:57.463550, 0.2000, 1.33E-35, 19.0626, 5.9688, 527.64, 0.779, NULL
oTGF160522201, 485585356.814344, glg_tte_b0_160522197_v00, 9, 4, 36, 2016-05-22, 04:49:12.814344, 0.1410, 6.01E-49, 286.5457, 25.6516, 523.78, 0.999, NULL
oTGF160522411, 485603552.448273, glg_tte_b0_160522399_v00, 7, 9, 33, 2016-05-22, 09:52:28.448272, 0.2830, 2.05E-39, 278.0084, 7.3754, 529.95, 0.186, NULL
oTGF160523188, 485670647.988449, glg_tte_b0_160523129_v00, 12, 18, 46, 2016-05-23, 04:30:43.988448, 0.2830, 2.83E-70, 261.0210, 24.7830, 523.84, 0.915, NULL
oTGF160523402, 485689105.716100, glg_tte_b0_160523362_v00, 11, 8, 77, 2016-05-23, 09:38:21.716100, 0.1000, 2.02E-148, 270.4094, 8.9265, 527.67, 0.155, tTGF160523402
oTGF160524228, 485760531.812758, glg_tte_b0_160524200_v00, 18, 15, 81, 2016-05-24, 05:28:47.812758, 0.1410, 1.18E-173, 150.8233, -6.9127, 538.01, 0.649, tTGF160524228
oTGF160525035, 485830186.046950, glg_tte_b0_160524986_v00, 4, 5, 24, 2016-05-25, 00:49:42.046950, 0.2000, 2.65E-21, 283.5617, 21.5089, 527.09, 0.824, NULL
oTGF160525353, 485857667.982675, glg_tte_b0_160525304_v00, 6, 8, 22, 2016-05-25, 08:27:43.982676, 0.1000, 3.55E-40, 103.6167, -3.9795, 538.20, 0.643, NULL
oTGF160526113, 485923364.463250, glg_tte_b0_160526080_v00, 13, 20, 34, 2016-05-26, 02:42:40.463250, 1.0000, 1.47E-34, 7.7360, 2.1775, 526.37, 0.137, NULL
oTGF160526349, 485943794.155945, glg_tte_b0_160526227_v00, 19, 18, 62, 2016-05-26, 08:23:10.155944, 0.1410, 5.38E-146, 126.4514, 9.8912, 533.73, 0.703, tTGF160526349
oTGF160526837, 485985961.708915, glg_tte_b0_160526827_v00, 10, 5, 27, 2016-05-26, 20:05:57.708916, 0.2830, 6.78E-31, 90.6547, 7.1989, 524.00, 0.091, NULL
oTGF160526944, 485995199.003575, glg_tte_b0_160526895_v00, 7, 6, 18, 2016-05-26, 22:39:55.003576, 0.1000, 6.59E-30, 269.8639, 10.8540, 534.53, 0.696, NULL
oTGF160527298, 486025779.907150, glg_tte_b0_160527253_v00, 12, 9, 28, 2016-05-27, 07:09:35.907150, 0.2000, 3.92E-47, 273.3194, 10.6904, 523.01, 0.060, NULL
oTGF160527534, 486046106.495598, glg_tte_b0_160527429_v00, 12, 11, 27, 2016-05-27, 12:48:22.495598, 0.6320, 8.18E-16, 26.7770, -1.4558, 539.83, 0.610, NULL
oTGF160527552, 486047721.667456, glg_tte_b0_160527533_v00, 9, 6, 13, 2016-05-27, 13:15:17.667456, 0.2830, 2.73E-12, 122.4186, 25.4835, 525.99, 0.894, NULL
oTGF160528147, 486099091.893500, glg_tte_b0_160528138_v00, 5, 6, 16, 2016-05-28, 03:31:27.893500, 0.2000, 1.69E-14, 263.9591, 25.4723, 526.66, 0.882, NULL
oTGF160528259, 486108813.616150, glg_tte_b0_160528253_v00, 4, 7, 12, 2016-05-28, 06:13:29.616150, 0.2000, 2.68E-14, 115.6103, -3.4993, 541.02, 0.582, NULL
oTGF160529516, 486217421.854300, glg_tte_b0_160529511_v00, 8, 9, 22, 2016-05-29, 12:23:37.854300, 0.4000, 3.65E-14, 22.7841, 1.0654, 540.56, 0.581, NULL
oTGF160529923, 486252570.350300, glg_tte_b0_160529914_v00, 9, 14, 18, 2016-05-29, 22:09:26.350300, 0.4000, 1.51E-24, 287.6916, 22.0025, 535.03, 0.724, NULL
oTGF160530736, 486322774.345810, glg_tte_b0_160530692_v00, 12, 7, 25, 2016-05-30, 17:39:30.345810, 0.2830, 1.33E-34, 101.0370, 5.3219, 523.24, 0.018, NULL
oTGF160530910, 486337855.547291, glg_tte_b0_160530900_v00, 6, 5, 18, 2016-05-30, 21:50:51.547290, 0.1410, 4.20E-22, 263.8909, 15.8392, 538.47, 0.645, NULL
oTGF160531237, 486366106.728500, glg_tte_b0_160531187_v00, 8, 6, 33, 2016-05-31, 05:41:42.728500, 0.2000, 3.24E-45, 126.5920, 8.8951, 539.79, 0.591, NULL
oTGF160531660, 486402649.500495, glg_tte_b0_160531644_v00, 5, 7, 15, 2016-05-31, 15:50:45.500496, 0.2830, 9.78E-13, 119.3317, 6.1232, 523.72, 0.993, NULL
oTGF160601646, 486487803.120950, glg_tte_b0_160601623_v00, 12, 11, 37, 2016-06-01, 15:29:59.120950, 0.2000, 1.89E-61, 89.4856, 17.3299, 527.81, 0.896, NULL
oTGF160602038, 486521650.042850, glg_tte_b0_160602002_v00, 26, 27, 85, 2016-06-02, 00:54:06.042850, 0.2000, 5.41E-187, 279.4580, 23.8475, 532.62, 0.815, tTGF160602038
oTGF160602960, 486601339.870350, glg_tte_b0_160602926_v00, 6, 5, 19, 2016-06-02, 23:02:15.870350, 0.2000, 5.76E-18, 285.4875, 25.5080, 536.32, 0.754, NULL
oTGF160603166, 486619161.054800, glg_tte_b0_160603159_v00, 13, 8, 72, 2016-06-03, 03:59:17.054800, 0.2000, 8.03E-113, 255.6898, 15.4417, 529.34, 0.878, NULL
oTGF160604821, 486762158.152500, glg_tte_b0_160604777_v00, 15, 9, 29, 2016-06-04, 19:42:34.152500, 1.0000, 4.01E-22, 25.4753, 7.7660, 529.58, 0.893, NULL
oTGF160605408, 486812856.715500, glg_tte_b0_160605400_v00, 5, 6, 24, 2016-06-05, 09:47:32.715500, 0.4000, 1.51E-13, 128.4423, 22.1904, 536.89, 0.766, NULL
oTGF160605409, 486812938.050450, glg_tte_b0_160605400_v00, 11, 9, 41, 2016-06-05, 09:48:54.050450, 0.2000, 7.94E-58, 133.4323, 20.9111, 536.13, 0.781, NULL
oTGF160605476, 486818746.903800, glg_tte_b0_160605425_v00, 9, 12, 17, 2016-06-05, 11:25:42.903800, 0.2000, 1.81E-29, 115.2302, 19.0894, 535.22, 0.797, NULL
oTGF160605812, 486847765.700100, glg_tte_b0_160605788_v00, 6, 6, 27, 2016-06-05, 19:29:21.700100, 0.4000, 8.30E-22, 20.8381, 7.8726, 531.33, 0.871, NULL
oTGF160606537, 486910420.643600, glg_tte_b0_160606488_v00, 24, 11, 80, 2016-06-06, 12:53:36.643600, 1.4000, 1.22E-63, 106.7237, 11.1365, 533.56, 0.835, NULL
oTGF160606544, 486910972.563150, glg_tte_b0_160606488_v00, 12, 10, 104, 2016-06-06, 13:02:48.563150, 0.2000, 6.75E-174, 136.0899, -3.6783, 529.82, 0.922, NULL
oTGF160607243, 486971369.654662, glg_tte_b0_160607231_v00, 7, 7, 32, 2016-06-07, 05:49:25.654662, 0.1410, 3.82E-44, 86.7037, 15.6028, 537.22, 0.484, NULL
oTGF160607318, 486977864.668727, glg_tte_b0_160607314_v00, 18, 17, 58, 2016-06-07, 07:37:40.668726, 0.1410, 3.09E-120, 111.2721, 25.7410, 540.90, 0.628, NULL
oTGF160607387a, 486983822.390600, glg_tte_b0_160607383_v00, 28, 23, 103, 2016-06-07, 09:16:58.390600, 0.2000, 1.96E-212, 103.3341, 24.9931, 540.52, 0.675, tTGF160607387
oTGF160607387b, 486983852.040149, glg_tte_b0_160607383_v00, 4, 8, 18, 2016-06-07, 09:17:28.040148, 0.1410, 2.19E-21, 105.2494, 24.7694, 540.41, 0.680, NULL
oTGF160607461a, 486990242.146175, glg_tte_b0_160607416_v00, 6, 7, 32, 2016-06-07, 11:03:58.146174, 0.1000, 2.08E-50, 122.0528, 13.1530, 535.76, 0.801, tTGF160607461
oTGF160607461b, 486990242.149800, glg_tte_b0_160607416_v00, 16, 17, 57, 2016-06-07, 11:03:58.149800, 0.2000, 2.95E-106, 122.0530, 13.1529, 535.76, 0.801, tTGF160607461
oTGF160608977, 487121244.390550, glg_tte_b0_160608883_v00, 33, 46, 97, 2016-06-08, 23:27:20.390550, 1.4000, 2.56E-125, 267.9175, 18.9697, 539.36, 0.722, tTGF160608977
oTGF160609618, 487176621.763825, glg_tte_b0_160609614_v00, 4, 11, 38, 2016-06-09, 14:50:17.763824, 0.1000, 5.36E-66, 280.1659, 10.4580, 531.66, 0.397, NULL
oTGF160609938, 487204216.459900, glg_tte_b0_160609855_v00, 7, 10, 35, 2016-06-09, 22:30:12.459900, 0.2000, 5.39E-51, 108.0670, -14.3776, 527.81, 0.238, NULL
oTGF160610149, 487222444.237350, glg_tte_b0_160610105_v00, 4, 4, 19, 2016-06-10, 03:34:00.237350, 0.2000, 1.05E-14, 94.8391, 14.4185, 532.13, 0.412, NULL
oTGF160610967, 487293130.175332, glg_tte_b0_160610936_v00, 16, 16, 69, 2016-06-10, 23:12:06.175332, 0.1410, 1.17E-146, 295.7639, 2.8569, 538.23, 0.789, tTGF160610967
oTGF160611213, 487314437.205400, glg_tte_b0_160611170_v00, 7, 16, 109, 2016-06-11, 05:07:13.205400, 0.2000, 1.47E-175, 107.2162, 25.0728, 537.13, 0.511, NULL
oTGF160611352, 487326385.264918, glg_tte_b0_160611339_v00, 11, 13, 21, 2016-06-11, 08:26:21.264918, 0.6320, 4.16E-18, 93.3348, 23.8866, 540.02, 0.611, NULL
oTGF160611601, 487347959.309282, glg_tte_b0_160611597_v00, 13, 14, 67, 2016-06-11, 14:25:55.309282, 0.1410, 8.99E-128, 277.6765, 13.2880, 529.29, 0.373, NULL
oTGF160612686, 487441632.647113, glg_tte_b0_160612659_v00, 6, 8, 26, 2016-06-12, 16:27:08.647112, 0.0500, 2.63E-57, 29.9111, -0.1667, 539.80, 0.769, NULL
oTGF160612915, 487461455.220125, glg_tte_b0_160612900_v00, 12, 10, 90, 2016-06-12, 21:57:31.220124, 0.1000, 3.02E-186, 116.7935, -4.0198, 524.73, 0.239, NULL
oTGF160612944, 487463941.111361, glg_tte_b0_160612933_v00, 5, 10, 20, 2016-06-12, 22:38:57.111360, 0.2830, 2.13E-22, 264.8057, 13.4529, 539.98, 0.679, NULL
oTGF160613268, 487491951.488200, glg_tte_b0_160613227_v00, 9, 12, 37, 2016-06-13, 06:25:47.488200, 0.4000, 6.78E-37, 112.0921, 23.2626, 538.46, 0.579, NULL
oTGF160613515, 487513287.330962, glg_tte_b0_160613349_v00, 5, 10, 27, 2016-06-13, 12:21:23.330962, 0.6320, 8.95E-17, 282.8592, 8.5974, 525.05, 0.300, NULL
oTGF160614120, 487565560.957885, glg_tte_b0_160614074_v00, 16, 15, 63, 2016-06-14, 02:52:36.957884, 0.2830, 8.47E-95, 118.1552, 25.0340, 532.31, 0.448, NULL
oTGF160614121, 487565619.984250, glg_tte_b0_160614074_v00, 10, 14, 37, 2016-06-14, 02:53:35.984250, 1.0000, 3.96E-20, 122.0015, 25.3645, 532.91, 0.459, NULL
oTGF160614507, 487598984.566849, glg_tte_b0_160614493_v00, 21, 23, 101, 2016-06-14, 12:09:40.566850, 0.2830, 4.38E-185, 283.1142, 10.8001, 524.41, 0.293, tTGF160614507
oTGF160614967, 487638733.800537, glg_tte_b0_160614918_v00, 4, 10, 14, 2016-06-14, 23:12:09.800536, 0.2830, 4.59E-16, 102.0894, 5.4983, 523.30, 0.250, NULL
oTGF160614970, 487639037.889326, glg_tte_b0_160614918_v00, 6, 7, 10, 2016-06-14, 23:17:13.889326, 0.0707, 1.66E-23, 118.6534, 13.2844, 524.33, 0.300, NULL
oTGF160615394, 487675669.096750, glg_tte_b0_160615377_v00, 15, 13, 117, 2016-06-15, 09:27:45.096750, 0.2000, 4.41E-211, 115.6322, -1.1140, 541.11, 0.715, NULL
oTGF160616489, 487770251.657300, glg_tte_b0_160616476_v00, 19, 16, 57, 2016-06-16, 11:44:07.657300, 0.2000, 8.95E-113, 276.7225, 11.9127, 523.09, 0.257, NULL
oTGF160616490, 487770347.129049, glg_tte_b0_160616476_v00, 18, 13, 137, 2016-06-16, 11:45:43.129048, 0.2830, 5.78E-225, 282.0570, 14.2029, 523.39, 0.273, NULL
oTGF160616842, 487800747.292926, glg_tte_b0_160616832_v00, 4, 13, 47, 2016-06-16, 20:12:23.292926, 0.1410, 7.24E-78, 275.3717, 11.6834, 537.48, 0.606, NULL
oTGF160617239, 487835060.137800, glg_tte_b0_160617219_v00, 12, 21, 61, 2016-06-17, 05:44:16.137800, 0.2000, 1.08E-112, 133.3485, 9.9638, 537.51, 0.609, NULL
oTGF160617377, 487847001.306725, glg_tte_b0_160617335_v00, 5, 5, 14, 2016-06-17, 09:03:17.306724, 0.1000, 2.92E-20, 112.6632, -4.1542, 541.37, 0.690, NULL
oTGF160617801, 487883596.709150, glg_tte_b0_160617770_v00, 18, 15, 75, 2016-06-17, 19:13:12.709150, 0.2000, 1.58E-145, 107.8363, -9.4796, 528.61, 0.100, NULL
oTGF160617874, 487889917.152100, glg_tte_b0_160617770_v00, 12, 5, 48, 2016-06-17, 20:58:33.152100, 0.1000, 3.49E-91, 116.1639, 7.0350, 523.00, 0.196, NULL
oTGF160618299, 487926646.562675, glg_tte_b0_160618286_v00, 6, 7, 25, 2016-06-18, 07:10:42.562676, 0.2830, 1.02E-24, 118.9752, 2.8475, 538.47, 0.629, NULL
oTGF160618402, 487935547.277128, glg_tte_b0_160618389_v00, 10, 4, 23, 2016-06-18, 09:39:03.277128, 0.2830, 3.61E-24, 280.2551, 6.2697, 523.52, 0.180, NULL
oTGF160619788, 488055279.484650, glg_tte_b0_160619779_v00, 23, 18, 142, 2016-06-19, 18:54:35.484650, 0.2000, 2.87E-292, 123.4928, 2.9493, 525.62, 0.130, tTGF160619788
oTGF160620274, 488097307.788000, glg_tte_b0_160620264_v00, 8, 12, 72, 2016-06-20, 06:35:03.788000, 0.2000, 1.10E-113, 79.4829, 16.7830, 530.17, 0.494, NULL
oTGF160620385, 488106836.109117, glg_tte_b0_160620378_v00, 10, 5, 20, 2016-06-20, 09:13:52.109116, 0.0707, 1.00E-41, 274.9924, 8.0490, 524.82, 0.147, NULL
oTGF160620458, 488113154.825166, glg_tte_b0_160620444_v00, 8, 5, 22, 2016-06-20, 10:59:10.825166, 0.1410, 1.48E-29, 285.7749, 21.4150, 523.13, 0.250, NULL
oTGF160620599, 488125321.926125, glg_tte_b0_160620594_v00, 9, 5, 37, 2016-06-20, 14:21:57.926124, 0.1000, 4.03E-59, 285.8431, 24.6840, 525.82, 0.391, NULL
oTGF160621467, 488200366.810725, glg_tte_b0_160621461_v00, 4, 8, 34, 2016-06-21, 11:12:42.810724, 0.2830, 1.28E-35, 20.3928, 9.0063, 531.24, 0.522, NULL
oTGF160622824, 488317638.845000, glg_tte_b0_160622785_v00, 35, 39, 80, 2016-06-22, 19:47:14.845000, 2.0000, 1.15E-75, 76.4159, -1.9371, 532.73, 0.035, tTGF160622824
oTGF160623040, 488336237.636000, glg_tte_b0_160623025_v00, 30, 28, 75, 2016-06-23, 00:57:13.636000, 0.4000, 1.36E-128, 90.0354, 25.6162, 523.48, 0.288, tTGF160623040
oTGF160623691, 488392485.461900, glg_tte_b0_160623614_v00, 4, 4, 16, 2016-06-23, 16:34:41.461900, 0.2000, 6.18E-14, 155.7067, 14.9630, 526.80, 0.122, NULL
oTGF160624354, 488449820.121350, glg_tte_b0_160624346_v00, 5, 8, 19, 2016-06-24, 08:30:16.121350, 0.1000, 2.55E-30, 288.0592, 20.2496, 526.25, 0.153, NULL
oTGF160625164, 488519793.722300, glg_tte_b0_160625092_v00, 9, 11, 55, 2016-06-25, 03:56:29.722300, 0.2000, 8.39E-85, 89.6153, 13.5840, 524.15, 0.411, NULL
oTGF160625273, 488529229.814333, glg_tte_b0_160625265_v00, 21, 25, 77, 2016-06-25, 06:33:45.814332, 0.2830, 1.27E-148, 279.7528, 9.3337, 531.89, 0.049, tTGF160625273
oTGF160625274, 488529251.582102, glg_tte_b0_160625265_v00, 13, 9, 28, 2016-06-25, 06:34:07.582102, 0.6320, 1.46E-24, 280.9352, 9.8896, 531.67, 0.052, NULL
oTGF160625931, 488586055.628000, glg_tte_b0_160625926_v00, 11, 13, 30, 2016-06-25, 22:20:51.628000, 0.1000, 6.96E-58, 23.5701, 2.7651, 535.73, 0.995, NULL
oTGF160626727, 488654812.981782, glg_tte_b0_160626677_v00, 9, 13, 32, 2016-06-26, 17:26:48.981782, 0.1410, 1.38E-60, 106.4160, 9.8912, 534.01, 0.020, NULL
oTGF160626729, 488655027.860310, glg_tte_b0_160626677_v00, 10, 10, 29, 2016-06-26, 17:30:23.860310, 0.1410, 1.79E-52, 118.3454, 15.0711, 531.93, 0.056, NULL
oTGF160626730, 488655099.833200, glg_tte_b0_160626677_v00, 21, 23, 77, 2016-06-26, 17:31:35.833200, 0.4000, 9.69E-128, 122.4675, 16.6520, 531.28, 0.068, NULL
oTGF160627610, 488731116.821800, glg_tte_b0_160627567_v00, 24, 32, 146, 2016-06-27, 14:38:32.821800, 0.2000, 0.00, 278.9935, 9.8631, 523.00, 0.383, tTGF160627610
oTGF160627915, 488757431.683814, glg_tte_b0_160627910_v00, 9, 6, 31, 2016-06-27, 21:57:07.683814, 0.1410, 5.30E-39, 22.9957, 6.9682, 537.03, 0.976, NULL
oTGF160628600, 488816623.976550, glg_tte_b0_160628537_v00, 10, 8, 31, 2016-06-28, 14:23:39.976550, 0.2000, 1.57E-45, 268.8665, 12.4360, 522.62, 0.344, NULL
oTGF160628602, 488816849.052800, glg_tte_b0_160628537_v00, 9, 13, 39, 2016-06-28, 14:27:25.052800, 1.4000, 6.08E-19, 281.1374, 6.6858, 523.05, 0.381, NULL
oTGF160630445, 488976076.639250, glg_tte_b0_160630430_v00, 9, 7, 57, 2016-06-30, 10:41:12.639250, 1.0000, 1.52E-31, 288.1350, 19.9892, 525.62, 0.243, NULL
oTGF160630516, 488982229.065050, glg_tte_b0_160630430_v00, 8, 23, 46, 2016-06-30, 12:23:45.065050, 0.2000, 8.55E-93, 289.3298, 10.1564, 523.22, 0.318, NULL
oTGF160701438, 489061879.937550, glg_tte_b0_160701392_v00, 23, 21, 117, 2016-07-01, 10:31:15.937550, 0.2000, 5.08E-238, 295.0653, 16.1484, 525.36, 0.255, tTGF160701438
oTGF160702213, 489128832.083682, glg_tte_b0_160702153_v00, 10, 4, 37, 2016-07-02, 05:07:08.083682, 0.1410, 8.30E-53, 267.3588, 17.2099, 539.16, 0.953, NULL
oTGF160703489, 489239038.305625, glg_tte_b0_160703476_v00, 8, 9, 52, 2016-07-03, 11:43:54.305624, 0.1000, 4.40E-95, 274.8326, 10.7059, 526.39, 0.249, NULL
oTGF160704195, 489300068.745080, glg_tte_b0_160704185_v00, 20, 21, 61, 2016-07-04, 04:41:04.745080, 0.6320, 1.23E-78, 259.5121, 17.5877, 540.11, 0.913, NULL
oTGF160704382, 489316229.623075, glg_tte_b0_160704376_v00, 11, 11, 36, 2016-07-04, 09:10:25.623074, 0.1000, 9.13E-79, 134.6511, -6.9806, 538.30, 0.753, NULL
oTGF160704406, 489318263.079500, glg_tte_b0_160704376_v00, 21, 21, 72, 2016-07-04, 09:44:19.079500, 0.4000, 7.51E-110, 254.6736, 23.7067, 534.54, 0.110, NULL
oTGF160704411, 489318751.540525, glg_tte_b0_160704376_v00, 10, 7, 36, 2016-07-04, 09:52:27.540524, 0.1000, 1.45E-65, 284.1161, 15.2444, 529.47, 0.198, NULL
oTGF160704661, 489340335.850900, glg_tte_b0_160704617_v00, 27, 25, 127, 2016-07-04, 15:52:11.850900, 0.2000, 6.76E-259, 108.5382, 22.9332, 539.87, 0.960, tTGF160704661
oTGF160705015, 489370935.122246, glg_tte_b0_160704993_v00, 4, 4, 24, 2016-07-05, 00:22:11.122246, 0.1410, 3.35E-27, 109.4826, -6.1403, 526.06, 0.316, NULL
oTGF160705399, 489404099.426100, glg_tte_b0_160705336_v00, 14, 14, 54, 2016-07-05, 09:34:55.426100, 0.1000, 5.02E-116, 264.3059, 20.4930, 533.89, 0.130, NULL
oTGF160706377, 489488599.830380, glg_tte_b0_160706347_v00, 5, 7, 16, 2016-07-06, 09:03:15.830380, 0.0707, 6.57E-31, 189.0831, 21.1122, 540.08, 0.899, NULL
oTGF160706578, 489505964.185273, glg_tte_b0_160706521_v00, 18, 9, 83, 2016-07-06, 13:52:40.185272, 0.1410, 1.52E-156, 131.3554, 24.2597, 540.45, 0.940, NULL
oTGF160706724, 489518596.149991, glg_tte_b0_160706706_v00, 17, 18, 111, 2016-07-06, 17:23:12.149990, 0.2830, 1.48E-177, 158.7281, 13.2144, 532.73, 0.162, NULL
oTGF160706863, 489530551.702690, glg_tte_b0_160706842_v00, 10, 19, 36, 2016-07-06, 20:42:27.702690, 0.2830, 7.74E-60, 139.1731, -1.0115, 528.90, 0.246, NULL
oTGF160707102, 489551235.401750, glg_tte_b0_160707081_v00, 9, 9, 31, 2016-07-07, 02:27:11.401750, 0.2000, 4.00E-43, 273.1693, 18.5198, 539.45, 0.858, NULL
oTGF160707386a, 489575761.533725, glg_tte_b0_160707347_v00, 5, 4, 25, 2016-07-07, 09:15:57.533726, 0.0707, 2.16E-39, 280.8747, 10.9590, 532.98, 0.163, NULL
oTGF160707386b, 489575774.074383, glg_tte_b0_160707347_v00, 5, 4, 11, 2016-07-07, 09:16:10.074384, 0.0707, 1.18E-17, 281.5607, 10.6440, 532.87, 0.165, NULL
oTGF160708236, 489649210.267860, glg_tte_b0_160708212_v00, 12, 12, 95, 2016-07-08, 05:40:06.267860, 0.2830, 3.25E-133, 280.6427, 24.5041, 539.97, 0.012, NULL
oTGF160708375, 489661239.591837, glg_tte_b0_160708329_v00, 5, 4, 15, 2016-07-08, 09:00:35.591838, 0.0500, 6.89E-26, 269.1452, 14.1533, 535.68, 0.119, NULL
oTGF160708700, 489689272.343700, glg_tte_b0_160708698_v00, 21, 18, 53, 2016-07-08, 16:47:48.343700, 0.4000, 1.82E-79, 117.6352, 23.3547, 539.80, 0.023, NULL
oTGF160709015, 489716491.645025, glg_tte_b0_160709013_v00, 8, 8, 32, 2016-07-09, 00:21:27.645024, 0.1000, 1.21E-56, 273.9947, 12.9140, 535.38, 0.772, NULL
oTGF160709368, 489747000.995200, glg_tte_b0_160709361_v00, 14, 4, 33, 2016-07-09, 08:49:56.995200, 0.2000, 2.73E-50, 273.1125, 10.4674, 535.99, 0.123, NULL
oTGF160710098, 489810109.889821, glg_tte_b0_160710071_v00, 8, 8, 23, 2016-07-10, 02:21:45.889822, 0.0707, 2.85E-50, 23.3911, 1.7525, 535.08, 0.160, NULL
oTGF160710357, 489832455.219818, glg_tte_b0_160710349_v00, 13, 12, 37, 2016-07-10, 08:34:11.219818, 0.1410, 8.74E-74, 260.0967, 14.2505, 538.22, 0.076, NULL
oTGF160710860, 489875916.404025, glg_tte_b0_160710847_v00, 8, 6, 15, 2016-07-10, 20:38:32.404024, 0.1000, 4.17E-28, 293.2188, 3.0278, 529.22, 0.671, NULL
oTGF160710928, 489881799.985659, glg_tte_b0_160710915_v00, 12, 10, 24, 2016-07-10, 22:16:35.985660, 0.1410, 1.69E-49, 278.3040, 7.7625, 530.36, 0.697, NULL
oTGF160711352, 489918410.198675, glg_tte_b0_160711321_v00, 9, 9, 44, 2016-07-11, 08:26:46.198674, 0.1000, 1.46E-83, 274.4714, 5.5148, 537.59, 0.110, NULL
oTGF160711597, 489939625.573700, glg_tte_b0_160711563_v00, 10, 6, 17, 2016-07-11, 14:20:21.573700, 0.4000, 1.06E-12, 78.9728, 23.2879, 536.45, 0.813, NULL
oTGF160711598, 489939632.641400, glg_tte_b0_160711563_v00, 14, 15, 34, 2016-07-11, 14:20:28.641400, 0.4000, 2.16E-42, 79.4184, 23.3742, 536.52, 0.814, NULL
oTGF160711992a, 489973681.956000, glg_tte_b0_160711976_v00, 43, 30, 101, 2016-07-11, 23:47:57.956000, 8.0000, 1.73E-19, 281.6287, 20.5045, 534.02, 0.770, tTGF160711992
oTGF160711992b, 489973686.180400, glg_tte_b0_160711976_v00, 4, 8, 35, 2016-07-11, 23:48:02.180400, 0.0500, 7.85E-67, 281.8844, 20.5773, 534.06, 0.771, NULL
oTGF160711992c, 489973688.018822, glg_tte_b0_160711976_v00, 12, 12, 26, 2016-07-11, 23:48:04.018822, 0.1410, 8.72E-54, 281.9957, 20.6088, 534.09, 0.771, NULL
oTGF160713125, 490071564.799850, glg_tte_b0_160713070_v00, 6, 6, 40, 2016-07-13, 02:59:20.799850, 0.2000, 1.34E-45, 283.7564, 24.4262, 539.14, 0.909, NULL
oTGF160713263, 490083546.996950, glg_tte_b0_160713255_v00, 11, 12, 83, 2016-07-13, 06:19:02.996950, 0.2000, 8.89E-134, 269.4812, 14.9478, 539.91, 0.008, NULL
oTGF160713836, 490133032.584215, glg_tte_b0_160713813_v00, 8, 13, 34, 2016-07-13, 20:03:48.584214, 0.1410, 2.46E-62, 295.2783, 10.6033, 526.56, 0.652, NULL
oTGF160714116, 490157184.746350, glg_tte_b0_160714113_v00, 7, 7, 26, 2016-07-14, 02:46:20.746350, 0.1000, 9.71E-42, 280.0103, 24.3380, 538.09, 0.889, NULL
oTGF160714185, 490163216.159850, glg_tte_b0_160714164_v00, 12, 12, 28, 2016-07-14, 04:26:52.159850, 0.2000, 7.52E-50, 275.8231, 19.7669, 539.32, 0.947, NULL
oTGF160715784, 490301371.630480, glg_tte_b0_160715739_v00, 7, 13, 40, 2016-07-15, 18:49:27.630480, 0.1410, 2.84E-71, 117.0378, -9.8817, 541.48, 0.105, NULL
oTGF160715956, 490316189.433100, glg_tte_b0_160715950_v00, 4, 4, 25, 2016-07-15, 22:56:25.433100, 0.1000, 2.57E-30, 268.0909, 21.6465, 527.94, 0.696, NULL
oTGF160715957, 490316328.727600, glg_tte_b0_160715950_v00, 5, 6, 13, 2016-07-15, 22:58:44.727600, 0.0500, 2.96E-25, 276.7997, 23.5617, 529.34, 0.722, NULL
oTGF160717090, 490414202.182606, glg_tte_b0_160717086_v00, 7, 4, 16, 2016-07-17, 02:09:58.182606, 0.2830, 3.41E-12, 278.6637, 22.0398, 535.05, 0.860, NULL
oTGF160717228, 490426110.503193, glg_tte_b0_160717195_v00, 10, 8, 28, 2016-07-17, 05:28:26.503192, 0.1410, 1.76E-48, 258.8577, 11.9814, 538.08, 0.943, NULL
oTGF160718015, 490494105.731805, glg_tte_b0_160717976_v00, 4, 4, 17, 2016-07-18, 00:21:41.731806, 0.0354, 9.88E-31, 298.6234, 22.0271, 533.57, 0.840, NULL
oTGF160718154, 490506074.661972, glg_tte_b0_160718103_v00, 8, 11, 26, 2016-07-18, 03:41:10.661972, 0.6320, 3.52E-21, 282.1375, 10.4359, 537.51, 0.933, NULL
oTGF160718998, 490579065.331950, glg_tte_b0_160718962_v00, 4, 8, 9, 2016-07-18, 23:57:41.331950, 0.1000, 8.66E-16, 252.1139, 25.3204, 526.49, 0.694, NULL
oTGF160720774, 490732519.048115, glg_tte_b0_160720736_v00, 10, 16, 81, 2016-07-20, 18:35:15.048116, 0.1410, 7.77E-152, 276.4182, 15.7680, 522.99, 0.538, NULL
oTGF160720865, 490740377.257324, glg_tte_b0_160720839_v00, 7, 4, 20, 2016-07-20, 20:46:13.257324, 0.1410, 2.62E-27, 22.2849, 2.3816, 536.73, 0.923, NULL
oTGF160721128a, 490763070.693606, glg_tte_b0_160721124_v00, 8, 10, 89, 2016-07-21, 03:04:26.693606, 0.1410, 4.26E-156, 277.9367, 6.0621, 534.79, 0.896, NULL
oTGF160721128b, 490763071.194500, glg_tte_b0_160721124_v00, 15, 14, 37, 2016-07-21, 03:04:27.194500, 1.4000, 3.47E-24, 277.9633, 6.0486, 534.80, 0.896, NULL
oTGF160721590, 490802944.420232, glg_tte_b0_160721538_v00, 13, 8, 30, 2016-07-21, 14:09:00.420232, 0.6320, 9.49E-26, 103.7414, 8.1205, 533.18, 0.873, NULL
oTGF160721593, 490803228.456500, glg_tte_b0_160721538_v00, 6, 4, 15, 2016-07-21, 14:13:44.456500, 0.2000, 3.54E-14, 118.7860, 0.4413, 536.37, 0.918, NULL
oTGF160721975, 490836246.691281, glg_tte_b0_160721974_v00, 9, 9, 39, 2016-07-21, 23:24:02.691282, 0.1410, 4.64E-60, 261.9778, 25.2361, 525.15, 0.698, NULL
oTGF160722445, 490876811.449472, glg_tte_b0_160722374_v00, 7, 9, 20, 2016-07-22, 10:40:07.449472, 0.1410, 7.87E-30, 129.7496, 16.1274, 528.59, 0.800, NULL
oTGF160722829, 490910016.113539, glg_tte_b0_160722820_v00, 13, 13, 46, 2016-07-22, 19:53:32.113540, 0.1410, 5.02E-85, 278.2002, 24.8152, 523.40, 0.597, tTGF160722829
oTGF160722830, 490910116.797354, glg_tte_b0_160722820_v00, 5, 13, 40, 2016-07-22, 19:55:12.797354, 0.1410, 2.81E-62, 284.7683, 25.4593, 523.54, 0.617, NULL
oTGF160722899, 490916048.455087, glg_tte_b0_160722820_v00, 6, 5, 13, 2016-07-22, 21:34:04.455088, 0.0707, 1.75E-21, 275.2468, 25.6843, 524.00, 0.659, NULL
oTGF160722900a, 490916185.151300, glg_tte_b0_160722820_v00, 10, 13, 37, 2016-07-22, 21:36:21.151300, 0.1000, 9.00E-75, 284.1975, 24.9964, 524.47, 0.685, NULL
oTGF160722900b, 490916203.281500, glg_tte_b0_160722820_v00, 14, 15, 31, 2016-07-22, 21:36:39.281500, 1.0000, 1.27E-22, 285.3750, 24.8594, 524.55, 0.689, NULL
oTGF160723109, 490934205.491475, glg_tte_b0_160723091_v00, 8, 11, 34, 2016-07-23, 02:36:41.491474, 0.1000, 5.09E-67, 264.6174, 8.3009, 530.43, 0.839, NULL
oTGF160723505, 490968456.490800, glg_tte_b0_160723415_v00, 9, 9, 37, 2016-07-23, 12:07:32.490800, 0.2000, 5.35E-52, 119.2342, 8.1185, 529.83, 0.832, NULL
oTGF160723679, 490983488.672300, glg_tte_b0_160723655_v00, 6, 9, 42, 2016-07-23, 16:18:04.672300, 0.1000, 7.52E-72, 278.8857, 12.1607, 526.36, 0.449, NULL
oTGF160723749, 490989509.964640, glg_tte_b0_160723738_v00, 6, 12, 51, 2016-07-23, 17:58:25.964640, 0.0707, 1.47E-101, 272.5864, 19.1147, 524.53, 0.502, NULL
oTGF160723957, 491007478.204075, glg_tte_b0_160723919_v00, 6, 8, 26, 2016-07-23, 22:57:54.204076, 0.0500, 1.62E-52, 253.9183, 25.1624, 523.62, 0.658, NULL
oTGF160724359, 491042212.936400, glg_tte_b0_160724342_v00, 9, 10, 24, 2016-07-24, 08:36:48.936400, 0.1000, 7.16E-45, 138.7834, 18.4544, 525.07, 0.740, NULL
oTGF160724419, 491047378.865281, glg_tte_b0_160724374_v00, 4, 6, 31, 2016-07-24, 10:02:54.865280, 0.1410, 7.58E-36, 80.5438, 25.4501, 523.51, 0.638, NULL
oTGF160724949, 491093159.475250, glg_tte_b0_160724919_v00, 17, 19, 48, 2016-07-24, 22:45:55.475250, 1.0000, 8.53E-41, 254.1443, 24.6162, 523.32, 0.650, NULL
oTGF160724952, 491093461.735800, glg_tte_b0_160724919_v00, 12, 17, 59, 2016-07-24, 22:50:57.735800, 0.4000, 2.48E-76, 273.1331, 20.6310, 523.89, 0.706, NULL
oTGF160725135, 491109231.394587, glg_tte_b0_160725058_v00, 8, 8, 24, 2016-07-25, 03:13:47.394588, 0.1410, 8.53E-38, 114.6670, 16.3886, 526.88, 0.449, NULL
oTGF160725415, 491133481.721750, glg_tte_b0_160725398_v00, 4, 7, 14, 2016-07-25, 09:57:57.721750, 0.2000, 1.71E-12, 107.2119, 19.3918, 523.79, 0.709, NULL
oTGF160725851, 491171102.234100, glg_tte_b0_160725836_v00, 5, 4, 22, 2016-07-25, 20:24:58.234100, 0.2000, 6.91E-22, 158.4355, -7.3055, 538.55, 0.286, NULL
oTGF160726278, 491208024.882625, glg_tte_b0_160726216_v00, 12, 15, 46, 2016-07-26, 06:40:20.882626, 0.1000, 1.54E-95, 171.3400, 11.6736, 524.62, 0.749, NULL
oTGF160726790, 491252301.181700, glg_tte_b0_160726775_v00, 11, 14, 63, 2016-07-26, 18:58:17.181700, 0.2000, 2.90E-100, 250.6897, 23.1967, 526.75, 0.482, NULL
oTGF160726932, 491264519.180350, glg_tte_b0_160726908_v00, 22, 24, 107, 2016-07-26, 22:21:55.180350, 0.2000, 3.96E-213, 254.2685, 23.0851, 523.08, 0.634, tTGF160726932
oTGF160726936, 491264860.191875, glg_tte_b0_160726908_v00, 9, 7, 40, 2016-07-26, 22:27:36.191874, 0.1000, 1.61E-69, 274.9475, 17.1789, 523.03, 0.695, NULL
oTGF160726940, 491265211.970800, glg_tte_b0_160726908_v00, 9, 8, 28, 2016-07-26, 22:33:27.970800, 0.1000, 2.40E-54, 294.6282, 8.7630, 524.63, 0.754, NULL
oTGF160729908, 491521679.146600, glg_tte_b0_160729899_v00, 7, 10, 34, 2016-07-29, 21:47:55.146600, 0.1000, 1.11E-60, 261.1175, 17.3832, 523.10, 0.629, NULL
oTGF160729949, 491525193.067573, glg_tte_b0_160729899_v00, 8, 4, 13, 2016-07-29, 22:46:29.067572, 0.1410, 6.10E-20, 104.9269, -0.8071, 540.28, 0.236, NULL
oTGF160730229, 491549421.751300, glg_tte_b0_160730183_v00, 14, 8, 29, 2016-07-30, 05:30:17.751300, 0.4000, 3.55E-28, 89.4727, 25.7083, 529.52, 0.473, NULL
oTGF160730481, 491571187.731049, glg_tte_b0_160730440_v00, 15, 14, 51, 2016-07-30, 11:33:03.731048, 0.1410, 6.65E-104, 288.3886, 8.2888, 538.32, 0.278, NULL
oTGF160731436, 491653696.789350, glg_tte_b0_160731421_v00, 7, 6, 22, 2016-07-31, 10:28:12.789350, 0.1000, 9.14E-37, 103.2347, -1.7498, 523.97, 0.719, NULL
oTGF160731828, 491687564.531450, glg_tte_b0_160731813_v00, 12, 12, 76, 2016-07-31, 19:52:40.531450, 0.1000, 8.78E-158, 297.4903, 8.4517, 523.16, 0.650, NULL
